0Kee-Team/WatchAD,False,True
0vercl0k/stuffz,True,False
0xInfection/TIDoS-Framework,True,False
1adrianb/face-alignment,True,False
1tayH/noisy,True,True
5hirish/adam_qas,True,True
aancw/Belati,True,False
abhinavsingh/proxy.py,True,False
AcademySoftwareFoundation/OpenCue,True,True
achillesrasquinha/pipupgrade,True,False
activeloopai/Hub,True,True
adamrehn/ue4-docker,True,False
Adapter-Hub/adapter-transformers,True,False
adferrand/dnsrobocert,True,True
agconti/cookiecutter-django-rest,True,True
agronholm/apscheduler,False,True
ahmetozlu/vehicle_counting_tensorflow,True,True
AIChallenger/AI_Challenger_2018,True,False
aim-uofa/AdelaiDet,True,False
aio-libs/aiocache,False,True
aio-libs/aiokafka,True,False
aio-libs/aiomysql,False,True
airnotifier/airnotifier,True,True
akirasosa/mobile-semantic-segmentation,True,False
AKSHAYUBHAT/DeepVideoAnalytics,True,True
alan-turing-institute/sktime,True,False
alectrocute/flaskSaaS,True,True
alerta/alerta,True,True
alexander-akhmetov/python-shortcuts,True,False
alexmojaki/futurecoder,True,True
alfredfrancis/ai-chatbot-framework,True,True
alibaba/flink-ai-extended,True,False
aliparlakci/bulk-downloader-for-reddit,True,True
alisaifee/flask-limiter,False,True
alisen39/TrWebOCR,True,False
allegro/ralph,False,True
allenai/allennlp,True,False
allenai/scibert,True,False
allenai/writing-code-for-nlp-research-emnlp2018,True,False
almandin/fuxploider,True,False
alpacahq/pylivetrader,True,False
altdesktop/i3ipc-python,True,False
amirassov/kaggle-imaterialist,True,False
amitt001/pygmy,True,True
amoffat/sh,True,False
AnalogJ/lexicon,True,False
anchore/anchore-engine,True,True
andresriancho/w3af,True,True
angr/angr,True,False
angr/rex,True,False
ansible/ansible,True,False
ansible/ansible-container,True,False
ansible/ansible-jupyter-kernel,True,False
ansible/ansible-runner,True,True
ansible/awx,True,True
ansible/galaxy,True,False
anyant/rssant,True,False
aosp-mirror/platform_development,True,False
apache/airflow,True,True
apache/libcloud,True,False
apache/superset,True,True
AppDaemon/appdaemon,True,False
apple/coremltools,True,False
appu1232/Discord-Selfbot,True,False
aquasecurity/kube-hunter,True,False
AragonSnow/qiandao,True,False
arviz-devs/arviz,True,False
arxiv-vanity/arxiv-vanity,True,True
asyml/texar-pytorch,True,False
automl/auto-sklearn,True,False
autorope/donkeycar,True,False
avatartwo/avatar2,True,False
awolfly9/IPProxyTool,True,False
aws/aws-parallelcluster,True,False
aws/aws-sam-cli,True,False
aws-cloudformation/cfn-python-lint,True,False
awslabs/amazon-redshift-utils,True,False
awslabs/aws-data-wrangler,True,False
awslabs/aws-deployment-framework,True,False
awslabs/aws-lambda-powertools-python,True,False
awslabs/aws-servicebroker,True,False
awslabs/gluon-ts,True,False
awslabs/sockeye,True,False
aws-quickstart/taskcat,True,False
aws/sagemaker-python-sdk,True,False
aws-samples/aws-cdk-examples,True,False
aws-samples/aws-glue-samples,True,False
azavea/raster-vision,True,False
Azure/azure-cli,True,False
Azure/azure-sdk-for-python,True,False
Azure/Stormspotter,True,True
baabaaox/ScrapyDouban,True,True
bbc/brave,True,False
bchew/dynamodump,True,False
beancount/fava,True,False
bear/python-twitter,True,False
bentoml/BentoML,True,False
bhoov/exbert,True,False
bigbaser/TcloudServer,True,True
bigchaindb/bigchaindb,True,True
binux/pyspider,True,True
Bitmessage/PyBitmessage,True,False
blackholll/loonflow,True,True
blacklanternsecurity/writehat,False,True
Blazemeter/taurus,True,False
blockchain-certificates/cert-issuer,True,False
blockchain-etl/ethereum-etl,True,False
BMW-InnovationLab/BMW-TensorFlow-Training-GUI,True,False
BMW-InnovationLab/BMW-YOLOv4-Training-Automation,True,False
Boerderij/Varken,True,True
bokeh/bokeh,True,False
bootphon/phonemizer,True,False
boston-dynamics/spot-sdk,True,False
brettkromkamp/contextualise,True,True
briancappello/flask-react-spa,True,True
bridgecrewio/checkov,True,False
brndnmtthws/thetagang,True,False
brutasse/graphite-api,True,False
buffer/thug,True,False
bugy/script-server,True,False
buildbot/buildbot,True,False
buildout/buildout,True,False
buriburisuri/sugartensor,True,False
burnettk/delete-docker-registry-image,True,True
Buuntu/fastapi-react,True,True
byt3bl33d3r/CrackMapExec,True,False
byt3bl33d3r/DeathStar,True,False
byt3bl33d3r/WitnessMe,True,False
bytedance/byteps,True,False
bytedance/fedlearner,True,False
c4urself/bump2version,True,True
calebstewart/pwncat,True,False
CanopyTax/asyncpgsa,True,True
catalyst-team/catalyst,True,False
cbfinn/maml_rl,True,False
cburmeister/flask-bones,True,True
ccrisan/motioneye,True,True
cdrx/rancher-gitlab-deploy,True,False
cea-sec/ivre,True,True
cea-sec/miasm,True,False
cea-sec/Sibyl,True,False
celery/celery,True,True
celery/django-celery-beat,True,True
CenterForOpenScience/osf.io,True,True
certbot/certbot,True,True
Ceruleanacg/Personae,True,True
cesium-ml/cesium,True,False
cevoaustralia/aws-google-auth,True,False
cgre-aachen/gempy,True,False
chainer/chainer-chemistry,True,False
Chaosthebot/Chaos,True,True
chaostoolkit/chaostoolkit,True,False
Charcoal-SE/SmokeDetector,True,True
chdsbd/kodiak,True,True
cheind/py-motmetrics,True,False
chemprop/chemprop,True,False
chengyumeng/spider163,True,True
ChenRocks/UNITER,True,False
cholcombe973/autodock,True,False
chubin/cheat.sh,True,True
chubin/wttr.in,True,False
CIRCL/AIL-framework,True,True
cisagov/Malcolm,True,True
cisagov/pshtt,True,False
cisco/mindmeld,True,False
citusdata/django-multitenant,False,True
ciur/papermerge,False,True
ckan/ckan,True,True
Cl0udG0d/SZhe_Scan,True,True
ClaudiuGeorgiu/Obfuscapk,True,False
ClaudiuGeorgiu/PlaystoreDownloader,True,False
cleardusk/3DDFA,True,True
closeio/tasktiger,True,True
cloud-custodian/cloud-custodian,True,False
Cloud-CV/EvalAI,True,True
cloudtools/stacker,True,False
ClusterHQ/flocker,True,False
cobbler/cobbler,False,True
coddingtonbear/inthe.am,True,True
CoinAlpha/hummingbot,True,False
ComplianceAsCode/content,True,False
Conchylicultor/DeepQA,True,False
confluentinc/confluent-kafka-python,False,True
ConsenSys/mythril,True,False
controlscanmdr/cyphon,True,False
ConvLab/ConvLab,True,False
cookiecutter-flask/cookiecutter-flask,True,True
CorralPeltzer/newTrackon,True,False
cosmicpython/code,True,True
coursera-dl/coursera-dl,True,False
cr0hn/aiotasks,True,False
crccheck/django-object-actions,True,False
CryptoSignal/Crypto-Signal,True,True
crytic/slither,True,False
csxmli2016/DFDNet,True,False
CTFd/CTFd,True,True
ctf-wiki/ctf-wiki,True,False
cvg/Hierarchical-Localization,True,False
cyrildiagne/basnet-http,True,False
D0g3-Lab/H1ve,True,True
dagster-io/dagster,True,True
damianmoore/photonix,False,True
danmacnish/cartoonify,True,False
DarkSecDevelopers/HiddenEye-Legacy,True,True
dasguptar/treelstm.pytorch,True,False
dask/dask,True,False
DataBiosphere/toil,True,False
DataDog/integrations-core,True,True
datafolklabs/cement,True,True
datawire/ambassador,True,True
datawire/forge,True,False
datmo/datmo,True,False
david8862/keras-YOLOv3-model-set,True,False
davidteather/TikTok-Api,True,False
dbcli/mssql-cli,True,False
dbcli/pgcli,True,False
dcos/dcos,True,False
dcowden/cadquery,True,False
deepchem/deepchem,True,False
deepdrive/deepdrive,True,False
DeepPavlov/convai,True,True
deepset-ai/FARM,True,True
deepset-ai/haystack,True,True
deis/deis,True,False
Delta-ML/delta,True,False
Dentosal/python-sc2,True,False
deoplete-plugins/deoplete-jedi,True,False
DexterInd/GrovePi,True,False
Diaoul/subliminal,True,False
DIGITALCRIMINAL/OnlyFans,True,False
dimagi/commcare-hq,True,False
DinoTools/dionaea,True,True
django-import-export/django-import-export,False,True
django-oscar/django-oscar,True,False
djangopackages/djangopackages,True,True
django-tenants/django-tenants,True,True
dlapiduz/certbot-s3front,True,False
DLLXW/data-science-competition,True,False
dmlc/gluon-cv,True,False
dmlc/minpy,True,False
DMOJ/judge-server,True,False
dnsviz/dnsviz,True,False
doccano/doccano,True,False
docker-archive/docker-registry,True,False
docker/compose,True,True
docker/docker-py,True,False
dongweiming/web_develop,True,False
donnemartin/data-science-ipython-notebooks,True,False
donnemartin/gitsome,True,False
donnemartin/saws,True,False
douban/dpark,True,False
dowjones/hammer,True,True
dpgaspar/Flask-AppBuilder,False,True
dragonchain/dragonchain,True,False
DragonComputer/Dragonfire,True,False
Drakkar-Software/OctoBot,True,True
droope/droopescan,True,False
dropbox/changes,True,False
dropbox/nsot,True,False
dssg/aequitas,True,False
DT42/BerryNet,True,False
duckietown/gym-duckietown,True,False
dwisiswant0/apkleaks,True,False
ebhy/budgetml,True,False
edeng23/binance-trade-bot,True,True
edx/configuration,True,False
edx/edx-platform,True,True
EFForg/crocodilehunter,False,True
ehendrix23/tesla_dashcam,True,False
Ekultek/Zeus-Scanner,True,False
elastic/curator,True,False
elastic/elasticsearch-py,True,True
elastic/rally,False,True
EleutherAI/gpt-neo,True,True
EleutherAI/gpt-neox,True,False
eliasgranderubio/dagda,True,True
EliotAndres/pretrained.ml,True,True
elyra-ai/elyra,True,False
Emptyset110/dHydra,True,False
enigmampc/catalyst,True,False
epinna/tplmap,False,True
epinna/weevely3,True,False
EricJMarti/inventory-hunter,True,False
Ericsson/codechecker,True,False
erikbern/ann-benchmarks,True,False
errbotio/errbot,True,False
espnet/espnet,True,False
eth-brownie/brownie,True,True
ethereum/trinity,True,True
ethereum/web3.py,True,True
EthVentures/CryptoTracker,True,True
ets-labs/python-dependency-injector,True,True
EvgenyKashin/stylegan2-distillation,True,False
evyatarmeged/Raccoon,True,False
ewels/MultiQC,True,False
exadel-inc/CompreFace,True,True
Exa-Networks/exabgp,True,False
exercism/python,False,True
Exodus-Privacy/exodus,True,True
ExpDev07/coronavirus-tracker-api,True,True
explosion/projects,True,False
f0cker/crackq,True,False
fabfuel/ecs-deploy,True,False
facebook/prophet,True,True
facebookresearch/ClassyVision,False,True
facebookresearch/CrypTen,True,False
facebookresearch/DetectAndTrack,True,False
facebookresearch/Detectron,True,False
facebookresearch/detectron2,True,True
facebookresearch/detr,True,False
facebookresearch/habitat-lab,True,False
facebookresearch/LASER,True,False
facebookresearch/maskrcnn-benchmark,True,False
facebookresearch/phyre,True,False
facebookresearch/pytext,True,False
facebookresearch/torchbeast,True,False
faizann24/XssPy,True,False
faucetsdn/faucet,True,True
favll/pogom,True,False
fcavallarin/htcap,True,False
FDA/openfda,True,True
feast-dev/feast,True,True
fedden/poker_ai,True,False
FederatedAI/FATE,True,False
fennerm/flashfocus,True,False
fhamborg/news-please,True,False
fireeye/speakeasy,True,False
firmianay/IoT-vulhub,True,False
fishtown-analytics/dbt,True,True
fkie-cad/FACT_core,True,True
Flexget/Flexget,True,False
flexxui/flexx,True,False
flipkart-incubator/Astra,True,False
flipkart-incubator/watchdog,True,False
flosell/trailscraper,True,False
flow-project/flow,True,False
fofapro/vulfocus,True,False
foolcage/fooltrader,True,False
forseti-security/forseti-security,True,True
fossasia/open-event-legacy,True,True
fossasia/open-event-server,True,True
fox-it/BloodHound.py,True,False
foxmask/django-th,True,True
freedomofpress/securedrop,True,False
freeipa/freeipa,False,True
FreeOpcUa/python-opcua,True,False
freqtrade/freqtrade,True,True
frol/flask-restplus-server-example,True,True
FSecureLABS/awspx,True,False
FSecureLABS/drozer,True,False
FZambia/centrifuge,True,False
GadgetReactor/pyHS100,True,False
galaxyproject/galaxy,True,False
Gallopsled/pwntools,True,False
gamechanger/dusty,False,True
gamenet/redis-memory-analyzer,True,False
gautamajay52/TorrentLeech-Gdrive,True,False
gbeced/pyalgotrade,True,False
gboeing/osmnx,True,False
Gerapy/Gerapy,True,False
getredash/redash,True,True
getsentry/freight,True,True
getsentry/sentry,True,False
getsentry/sentry-kubernetes,True,False
Ghadjeres/DeepBach,True,False
GhostManager/Ghostwriter,True,False
gilesknap/gphotos-sync,True,False
Giphy/celeb-detection-oss,True,True
girder/girder,True,True
githublitao/api_automation_test,True,True
gitpython-developers/GitPython,True,False
GNS3/gns3-gui,True,False
GNS3/gns3-server,True,False
godotengine/godot-blender-exporter,True,False
golemfactory/clay,True,False
golismero/golismero,True,False
google/android-emulator-container-scripts,True,True
googleapis/google-auth-library-python,True,False
google/brain-tokyo-workshop,True,False
google/caliban,True,False
google/capirca,True,False
google/clif,True,False
GoogleCloudPlatform/cloudml-samples,True,False
GoogleCloudPlatform/deploymentmanager-samples,True,False
GoogleCloudPlatform/getting-started-python,True,False
GoogleCloudPlatform/microservices-demo,True,False
GoogleCloudPlatform/ml-on-gcp,True,False
GoogleCloudPlatform/PerfKitBenchmarker,True,False
GoogleCloudPlatform/professional-services,True,False
GoogleCloudPlatform/python-docs-samples,True,False
google/clusterfuzz,True,False
google/deepvariant,True,False
google/fuzzbench,True,False
google/grr,True,False
google/jax,True,False
google/personfinder,True,True
google-research/football,True,False
google/subpar,True,False
google/tf-quant-finance,True,False
google/timesketch,True,True
google/turbinia,True,True
google/vulncode-db,True,True
GoSecure/pyrdp,True,True
gouthambs/Flask-Blogging,True,True
GoVanguard/legion,True,False
grapheneX/grapheneX,True,False
graphistry/pygraphistry,False,True
grapl-security/grapl,True,True
gratipay/gratipay.com,True,False
graydon/bors,True,False
great-expectations/great_expectations,True,True
grow/grow,True,False
grycap/scar,True,False
guardicore/monkey,True,True
guessit-io/guessit,True,False
guildai/guildai,True,False
guoday/CCF-BDCI-Sentiment-Analysis-Baseline,True,False
gyoisamurai/GyoiThon,True,False
h2oai/wave,True,False
haarnoja/sac,True,True
haarnoja/softqlearning,True,True
hacktoolspack/hack-tools,True,True
hacs/integration,True,False
haiwen/seafile-docker,True,False
hamcrest/PyHamcrest,True,False
hangoutsbot/hangoutsbot,True,False
hanxiao/bert-as-service,True,False
HASecuritySolutions/VulnWhisperer,True,False
HashPals/Name-That-Hash,True,False
HazyResearch/fonduer,True,False
heartexlabs/label-studio,True,True
HendrikStrobelt/Seq2Seq-Vis,True,True
hhyo/Archery,True,True
hjacobs/kube-downscaler,True,False
hjacobs/kube-janitor,True,False
home-assistant/core,True,False
home-assistant-libs/pytradfri,True,False
home-assistant/supervisor,True,False
howie6879/owllook,True,True
huashengdun/webssh,True,True
huawei-noah/Pretrained-Language-Model,True,False
hugapi/hug,True,True
huggingface/transfer-learning-conv-ai,True,False
huggingface/transformers,True,False
hukkelas/DeepPrivacy,True,False
huseinzol05/Gather-Deployment,True,True
HydraChain/hydrachain,True,True
hyperledger/cello,True,True
hyperledger/indy-node,True,False
hyperledger/sawtooth-core,True,True
hypothesis/h,True,True
hzwer/arXiv2020-RIFE,True,False
hzy46/Deep-Learning-21-Examples,True,False
ianmiell/shutit,True,False
IBM/MAX-Image-Resolution-Enhancer,True,False
icloud-photos-downloader/icloud_photos_downloader,True,False
ICLRandD/Blackstone,True,False
icopy-site/awesome-cn,True,False
idank/explainshell,True,True
IDSIA/sacred,True,True
ifzhang/FairMOT,True,False
ilius/pyglossary,True,False
implus/GFocal,True,False
imWildCat/scylla,True,False
insanum/sncli,True,False
IntelAI/nauta,True,False
IntelLabs/coach,True,False
IntelLabs/nlp-architect,True,False
intelowlproject/IntelOwl,True,False
internetarchive/openlibrary,True,True
istresearch/scrapy-cluster,False,True
italomaia/flask-empty,True,False
iterative/dvc,False,True
its-a-feature/Mythic,True,True
izar/pytm,True,False
j3ssie/Osmedeus,True,True
j96w/DenseFusion,True,False
jachinlin/geektime_dl,True,False
jaegertracing/jaeger-client-python,True,True
JaidedAI/EasyOCR,True,False
jamesob/tinychain,True,True
jamesoff/simplemonitor,False,True
jantman/awslimitchecker,True,False
jaraco/keyring,True,False
jarun/buku,True,True
jasonrbriggs/stomp.py,True,False
jbarlow83/OCRmyPDF,True,False
j-bennet/wharfee,True,False
jbesomi/texthero,True,True
JDAI-CV/fast-reid,True,False
jeanphix/Ghost.py,True,False
jeffzh3ng/fuxi,True,False
jet-admin/jet-bridge,True,False
jhao104/proxy_pool,True,True
jhpyle/docassemble,True,False
jimmy201602/webterminal,True,True
jina-ai/jina,True,True
jindaxiang/akshare,True,False
jiny2001/dcscn-super-resolution,True,False
jmathai/elodie,True,False
joaoricardo000/whatsapp-bot-seed,True,False
joe-siyuan-qiao/DetectoRS,True,False
JohnHammond/katana,True,False
jookies/jasmin,True,True
jopohl/urh,True,False
jorisroovers/gitlint,True,False
JosephKJ/OWOD,True,True
josiahcarlson/redis-in-action,True,True
jpmens/mqttwarn,True,True
jumpserver/jumpserver,True,False
Juniper/py-junos-eznc,True,False
jupyter/docker-stacks,True,False
jupyter/enterprise_gateway,True,True
jupyterhub/binderhub,True,False
jupyterhub/dockerspawner,True,True
jupyterhub/jupyterhub,True,False
jupyterhub/repo2docker,True,False
jupyterhub/the-littlest-jupyterhub,True,False
jupyterhub/zero-to-jupyterhub-k8s,True,False
jupyter-incubator/sparkmagic,False,True
jupyter/nbviewer,True,True
Just-Some-Bots/MusicBot,True,False
Kaggle/docker-python,True,False
kakaobrain/pororo,True,False
kakao/buffalo,True,False
kakao/khaiii,True,False
kapicorp/kapitan,True,False
karec/cookiecutter-flask-restful,True,True
karlicoss/promnesia,True,True
kbumsik/VirtScreen,True,False
KDD-OpenSource/DeepADoTS,True,False
keiohta/tf2rl,True,False
keithrozario/Klayers,True,False
kengz/SLM-Lab,True,False
kennethreitz-archive/requests3,True,True
kensho-technologies/graphql-compiler,False,True
keras-team/keras-tuner,True,False
kerlomz/captcha_platform,True,False
kevthehermit/PasteHunter,True,True
keylase/nvidia-patch,True,False
kfei/slack-cleaner,True,False
khanrc/pt.darts,True,False
kibitzr/kibitzr,True,False
Kinto/kinto,True,True
Kismuz/btgym,True,True
kivy/python-for-android,True,False
kizniche/Mycodo,True,True
Kkevsterrr/geneva,True,False
klen/py-frameworks-bench,True,False
knipknap/SpiffWorkflow,True,False
koalalorenzo/python-digitalocean,True,False
Komodo/KomodoEdit,True,False
kornia/kornia,True,False
koursaros-ai/nboost,True,False
Kozea/Radicale,True,False
Kozea/wdb,True,False
krmaxwell/maltrieve,True,False
KuangDD/zhrtvc,True,False
kubeflow-kale/kale,True,False
kubeflow/pipelines,True,False
kubernetes-client/python,True,False
kyb3r/modmail,True,False
kymatio/kymatio,True,False
kyuupichan/electrumx,True,False
l3uddz/traktarr,True,False
laixintao/iredis,True,False
lancachenet/steamcache,True,False
langgithub/CloudControl,True,False
lanjelot/patator,True,True
lardbit/nefarious,True,True
learningequality/ka-lite,True,False
leeroybrun/glacier-vault-remove,True,False
levlaz/braindump,True,True
liangliangyy/DjangoBlog,True,False
liberapay/liberapay.com,True,False
lightbulb-framework/lightbulb-framework,True,False
liiight/notifiers,True,False
line/promgen,True,True
linkchecker/linkchecker,True,False
linkedin/iris,True,False
linkedin/oncall,True,True
LinOTP/LinOTP,True,True
LiuRoy/zhihu_spider,False,True
llimllib/limbo,True,False
llSourcell/AI_Startup_Prototype,True,True
lmco/laikaboss,True,True
localstack/localstack,True,True
locustio/locust,True,True
log2timeline/plaso,True,False
Lonero-Team/Decentralized-Internet,True,True
Lookyloo/lookyloo,True,True
lowerquality/gentle,True,False
lspvic/jupyter_tensorboard,True,False
LTD-Beget/sprutio,True,True
ludwig-ai/ludwig,True,False
lyft/confidant,True,True
lyft/metadataproxy,True,False
lzzy12/python-aria-mirror-bot,True,False
m4n3dw0lf/pythem,True,False
madflojo/automatron,True,True
madhawav/YOLO3-4-Py,True,False
mahyarnajibi/SNIPER,True,False
Maicius/QQZoneMood,True,True
mailpile/Mailpile,True,True
Mailu/Mailu,True,True
makerdao/market-maker-keeper,True,True
manateelazycat/emacs-application-framework,True,False
man-group/dtale,True,True
ManimCommunity/manim,True,False
mantl/mantl,True,False
mar10/wsgidav,True,True
Mariewelt/OpenChem,True,False
mariusmotea/diyHue,False,True
mars-project/mars,True,False
Marten4n6/EvilOSX,True,False
martomo/SublimeTextXdebug,True,False
matrix-org/synapse,True,True
mattupstate/overholt,True,False
maurosoria/dirsearch,True,False
maxbbraun/trump2cash,True,False
mdn/kuma,True,True
MeetMe/newrelic-plugin-agent,True,False
MegviiDetection/video_analyst,True,False
megvii-model/YOLOF,True,False
Meituan-Dianping/lyrebird,True,False
Melissa-AI/Melissa-Core,True,False
mengskysama/shadowsocks-rm,True,False
meolu/walle-web,True,True
mesalock-linux/mesapy,True,False
mesosphere/marathon-lb,True,False
metabrainz/listenbrainz-server,True,True
mhallsmoore/qstrader,True,False
mher/flower,True,True
mherrmann/fbs,True,False
micahhausler/container-transform,True,True
microsoft/botbuilder-python,True,True
microsoft/DeBERTa,True,False
microsoft/DeepSpeed,True,False
microsoft/fastformers,True,False
microsoft/maro,True,True
microsoft/nlp-recipes,True,False
microsoft/nni,True,False
microsoft/presidio,True,True
microsoft/recommenders,True,False
microsoft/restler-fuzzer,True,False
microsoft/TextWorld,True,False
miguelgrinberg/flasky,True,True
miguelgrinberg/microblog,True,False
mikedh/trimesh,True,False
mike-grant/haaska,True,False
mikeyy/nonoCAPTCHA,True,False
mila-iqia/babyai,True,False
milesmcc/shynet,True,True
mil-tokyo/webdnn,True,False
milvus-io/bootcamp,True,False
minimaxir/aitextgen,True,False
minimaxir/person-blocker,True,False
mirumee/saleor,True,False
mit-han-lab/data-efficient-gans,True,False
mitmproxy/mitmproxy,True,False
mitre/caldera,True,True
MITRECND/chopshop,True,False
mitre/multiscanner,True,True
mlbvn/d2l-vn,True,False
mlcommons/inference,True,False
mlcommons/training,True,False
mlflow/mlflow,True,False
mlsecproject/combine,True,False
mobier/shadowsocksr-speed,True,False
MobSF/Mobile-Security-Framework-MobSF,True,True
mobvoi/wenet,True,False
modin-project/modin,True,False
modoboa/modoboa,False,True
molecularsets/moses,True,False
momosecurity/aswan,False,True
mouse-reeve/bookwyrm,True,True
mozilla/addons-server,True,True
mozilla/bugbug,True,True
mozilla/dxr,True,True
mozilla/http-observatory,True,True
mozilla/ichnaea,True,True
mozilla/kitsune,True,True
mozilla/MozDef,True,True
mozilla/OpenWPM,True,False
MozillaSecurity/dharma,True,False
mozilla-services/socorro,True,True
mozilla-services/syncserver,True,False
mozilla/zamboni,True,False
mps-youtube/mps-youtube,True,False
mtianyan/VueDjangoAntdProBookShop,True,True
mukulhase/WebWhatsapp-Wrapper,True,True
MultiAgentLearning/playground,True,False
mushorg/conpot,True,True
mushorg/glastopf,True,False
mvantellingen/localshop,True,True
mwarkentin/django-watchman,True,False
mwielgoszewski/doorman,True,False
MycroftAI/mycroft-core,True,False
Naategh/PyCk,True,False
nabla-c0d3/sslyze,True,False
namisan/mt-dnn,True,False
Nandaka/PixivUtil2,True,False
napalm-automation/napalm,True,False
napari/napari,True,False
Naresh1318/Topaz,True,True
natlas/natlas,True,True
nccgroup/ScoutSuite,True,True
nccgroup/Winpayloads,True,False
Nekmo/amazon-dash,True,False
neo4j/neo4j-python-driver,True,False
nerdvegas/rez,True,False
NervanaSystems/neon,True,False
NetEaseGame/git-webhook,True,True
Netflix/consoleme,True,True
Netflix/dispatch,True,True
Netflix/lemur,True,True
Netflix/repokid,True,True
Netflix/security_monkey,True,True
Netflix-Skunkworks/aardvark,True,True
Netflix-Skunkworks/stethoscope,True,True
Netflix/vmaf,True,False
netzob/netzob,True,False
NewFuture/DDNS,True,False
nexB/scancode-toolkit,True,False
Nextdoor/ndscheduler,True,False
nginx-proxy/nginx-proxy,True,True
ngoduykhanh/PowerDNS-Admin,True,True
nicolargo/glances,True,True
nicolas-chaulet/torch-points3d,True,False
nidhaloff/igel,True,False
nimia/public_drown_scanner,True,False
nixawk/labs,True,False
nornir-automation/nornir,True,False
nsacyber/WALKOFF,True,True
nsidnev/fastapi-realworld-example-app,True,True
numenta/nupic,True,False
NVIDIAGameWorks/kaolin,True,False
NVIDIA/semantic-segmentation,True,False
NVlabs/NVAE,True,False
NVlabs/stylegan2,True,False
NVlabs/stylegan2-ada,True,False
nv-tlabs/GSCNN,True,False
nyaadevs/nyaa,True,False
oarriaga/face_classification,True,False
obsidianforensics/unfurl,True,True
obspy/obspy,True,False
oduwsdl/ipwb,True,False
ohld/igbot,True,False
okfn-brasil/serenata-de-amor,True,True
okigan/awscurl,True,False
openai/baselines,True,False
openai/jukebox,True,False
openai/kubernetes-ec2-autoscaler,True,False
openai/mlsh,True,False
openai/universe,True,False
openbmc/openbmc,True,False
OpenDroneMap/ODM,True,False
OpenGeoscience/geonotebook,True,False
OpenIDC/pyoidc,True,True
OpenMined/PyGrid,True,True
open-mmlab/mmaction,True,False
open-mmlab/mmaction2,True,False
open-mmlab/mmcv,True,False
open-mmlab/mmdetection,True,False
open-mmlab/mmdetection3d,True,False
open-mmlab/mmediting,True,False
open-mmlab/mmfashion,True,False
open-mmlab/mmpose,True,False
open-mmlab/mmsegmentation,True,False
openshift/openshift-ansible,True,False
openstack/cinder,False,True
openstack/swift,True,False
openstates/openstates-scrapers,True,True
open-telemetry/opentelemetry-python,False,True
OpnTec/open-event-server,True,True
opsdroid/opsdroid,True,False
optuna/optuna,True,False
orchest/orchest,True,False
osmr/imgclsmob,True,False
OTRF/mordor,True,False
OTRF/OSSEM,True,False
ottogroup/palladium,True,False
outflanknl/RedELK,True,False
overhangio/tutor,True,True
OWASP/Nettacker,True,True
owtf/owtf,True,True
oxwhirl/pymarl,True,False
ozhiwei/SmartProxyPool,True,True
P0cL4bs/wifipumpkin3,True,True
p1r06u3/opencanary_web,True,False
pact-foundation/pact-python,False,True
PaddlePaddle/Paddle,True,False
PaddlePaddle/PaddleOCR,True,False
PaddlePaddle/PaddleSeg,True,False
PaddlePaddle/PARL,True,False
pageauc/speed-camera,True,True
pahaz/sshtunnel,False,True
pandas-dev/pandas,True,False
pantsbuild/pants,True,False
pantsbuild/pex,True,False
paulpierre/informer,True,False
paver/paver,True,False
pdm-project/pdm,True,False
PeizeSun/OneNet,True,True
PeizeSun/SparseR-CNN,True,True
pimutils/vdirsyncer,True,True
pinry/pinry,True,False
pixie-labs/pixie,True,False
pjialin/py12306,True,True
PKUbahuangliuhe/CBNet,True,False
plajjan/vrnetlab,True,False
plotly/dash-docs,True,False
pogodevorg/pgoapi,True,False
PokemonGoF/PokemonGo-Bot,True,True
polakowo/vectorbt,True,False
poljar/weechat-matrix,True,False
polyaxon/polyaxon,True,True
polygamma/aurman,True,False
posativ/isso,True,False
postgres/pgadmin4,True,False
PostHog/posthog,False,True
powerfulseal/powerfulseal,True,False
pprp/SimpleCVReproduction,True,False
praekeltfoundation/vumi,True,False
praveendath92/fitbit-googlefit,True,False
pre-commit/pre-commit,True,False
PrefectHQ/prefect,True,True
pretix/pretix,True,False
pricingassistant/mrq,True,False
pritunl/pritunl,True,False
programa-stic/barf-project,True,False
Project-MONAI/MONAI,True,False
psf/black,True,False
psincraian/pepy,False,True
ptpb/pb,True,True
pulp/pulp,True,False
PUNCH-Cyber/stoq,True,False
pwnlandia/mhn,True,False
pycook/cmdb,True,True
PyCQA/isort,True,False
PyCQA/prospector,True,False
PyCQA/pylint,True,False
pydanny/cookiecutter-django,True,False
pyinstaller/pyinstaller,True,False
pykaldi/pykaldi,True,False
pyload/pyload,True,False
pymc-devs/pymc3,True,False
pymedusa/Medusa,True,False
pymssql/pymssql,True,True
pyouroboros/ouroboros,True,True
pypa/warehouse,True,True
pypiserver/pypiserver,True,True
pyro-ppl/pyro,True,False
pytest-dev/pytest-testinfra,True,False
Python3WebSpider/ProxyPool,True,True
python-discord/bot,True,True
python-discord/site,True,True
python-social-auth/social-app-django,True,True
python-social-auth/social-core,True,True
pythonstock/stock,True,True
python-streamz/streamz,True,False
pytorch/audio,True,False
pytorch/elastic,True,True
PyTorchLightning/pytorch-lightning,True,False
pytorch/text,True,False
pytorch/translate,True,False
pyvista/pyvista,True,False
qilingframework/qiling,True,False
QingdaoU/OnlineJudge,True,True
QUANTAXIS/QUANTAXIS,True,True
quantopian/zipline,True,False
quantumlib/Cirq,True,False
quantumlib/OpenFermion,True,False
quark-engine/quark-engine,True,False
quay/quay,True,True
quentinhardy/odat,True,False
quic/aimet,True,False
quodlibet/quodlibet,True,False
quokkaproject/quokka,True,False
qzq1111/flask-restful-example,True,True
RackHD/RackHD,True,True
rafalp/Misago,True,True
raiden-network/raiden,True,False
RameenAbdal/StyleFlow,True,True
ranger/ranger,True,False
RasaHQ/rasa,True,True
RasaHQ/rasa_core,True,True
RasaHQ/rasa-demo,True,False
raveberry/raveberry,True,True
ray-project/ray,True,False
readthedocs/readthedocs.org,True,False
realgam3/pymultitor,True,False
reddit/baseplate.py,True,True
ReFirmLabs/binwalk,True,False
reviewboard/reviewboard,True,False
RhinoSecurityLabs/pacu,True,False
rhinstaller/anaconda,True,False
Rhizome-Conifer/conifer,True,True
Rhynorater/CVE-2018-15473-Exploit,True,False
richardaecn/class-balanced-loss,True,False
rigetti/pyquil,True,False
RiotGames/cloud-inquisitor,False,True
rll/rllab,True,False
rmax/scrapy-redis,True,True
rmountjoy92/DashMachine,True,False
robinhood/faust,True,False
rochacbruno/dynaconf,False,True
RocketMap/RocketMap,True,False
ronghanghu/seg_every_thing,True,False
ronreiter/interactive-tutorials,True,True
ropnop/impacket_static_binaries,True,False
rotki/rotki,True,False
rq/rq,True,False
rsms/inter,True,False
rsmusllp/king-phisher,True,False
ruddra/docker-django,True,True
rushter/MLAlgorithms,True,False
rusty1s/pytorch_geometric,True,False
Rydgel/Fake-images-please,True,True
s3ql/s3ql,True,False
sa7mon/S3Scanner,True,False
sabri-zaki/EasY_HaCk,True,False
sagemath/sage,True,False
sahana/eden,True,False
salesforce/cove,True,False
salesforce/hassh,True,False
salesforce/policy_sentry,True,False
saltstack/salt,True,False
samre12/deep-trading-agent,True,False
SamSchott/maestral,True,False
sanic-org/sanic,True,True
SathyaBhat/spotify-dl,True,False
saulpw/visidata,True,False
sbaresearch/simcoin,True,False
scalingexcellence/scrapybook,False,True
scanapi/scanapi,True,False
Sceptre/sceptre,True,False
schemathesis/schemathesis,True,True
schutzwerk/CANalyzat0r,True,False
scikit-multiflow/scikit-multiflow,True,False
scipy/scipy,True,False
scragg0x/realms-wiki,True,True
scrapinghub/frontera,False,True
scrapinghub/portia,True,True
scrapinghub/scrapyrt,True,False
SeanNaren/deepspeech.pytorch,True,False
searx/searx,True,False
secrary/SSMA,True,False
SecureAuthCorp/impacket,True,False
secureworks/dcept,True,False
securing/DumpsterDiver,True,False
Segfault-Inc/Multicorn,True,False
seleniumbase/SeleniumBase,True,False
Sense-X/TSD,True,False
sfzhang15/ATSS,True,False
sgratzl/slack-cleaner,True,False
shadowmoose/RedditDownloader,True,False
ShangtongZhang/DeepRL,True,False
SharpAI/DeepCamera,True,True
shenril/Sitadel,True,False
shibing624/pycorrector,True,False
shirosaidev/stocksight,True,True
shmilylty/OneForAll,True,False
shuup/shuup,True,True
SickChill/SickChill,True,True
SiCKRAGE/SiCKRAGE,True,True
sightmachine/SimpleCV,True,False
signalfx/maestro-ng,True,False
simple-login/app,True,False
SimplySecurity/SimplyEmail,True,False
sirfz/tesserocr,True,False
sissbruecker/linkding,True,True
Sitoi/dailycheckin,True,True
skoczen/will,True,True
smicallef/spiderfoot,True,True
snakemake/snakemake,True,False
snapcore/snapcraft,True,False
songcser/sanic-ms,True,True
sony/nnabla,True,False
spaam/svtplay-dl,True,False
spack/spack,True,False
spesmilo/electrum,True,False
SpiderClub/haipproxy,True,True
SpiderClub/weibospider,True,False
spiral-project/ihatemoney,True,False
splunk/splunk-sdk-python,False,True
spotify/dh-virtualenv,True,False
spotify/klio,True,False
spotify/snakebite,True,False
spulec/moto,True,False
sql-machine-learning/elasticdl,True,False
Srinivas11789/PcapXray,True,False
st4lk/django-rest-social-auth,True,False
Staffjoy/suite,True,True
stellargraph/stellargraph,True,True
stevenleeg/geemusic,True,False
streamlit/streamlit,True,True
striver-ing/wechat-spider,True,True
studioml/studio,True,False
superdesk/superdesk,True,True
svanoort/pyresttest,True,False
swisskyrepo/SSRFmap,True,False
SymbiFlow/prjxray,True,False
sympy/sympy,True,False
sympy/sympy_gamma,True,True
tableau/TabPy,True,False
tahoe-lafs/tahoe-lafs,True,True
taigaio/taiga-back,True,False
tankywoo/simiki,True,False
taokong/FoveaBox,True,False
target/strelka,True,True
TarrySingh/Artificial-Intelligence-Deep-Learning-Machine-Learning-Tutorials,True,False
tartiflette/tartiflette,True,True
taspinar/twitterscraper,True,False
Tautulli/Tautulli,True,False
taverntesting/tavern,True,True
tdryer/hangups,True,False
Tecnativa/docker-socket-proxy,True,False
tensorflow/data-validation,False,True
tensorflow/federated,True,False
tensorflow/model-optimization,True,False
tensorflow/models,True,False
tensorflow/tfx,True,True
tensorlayer/hyperpose,True,False
tensorlayer/tensorlayer,True,False
TensorSpeech/TensorFlowTTS,True,True
tensortrade-org/tensortrade,True,False
tern-tools/tern,True,False
testerSunshine/12306,True,True
tf-encrypted/tf-encrypted,True,True
tgbot-collection/YYeTsBot,True,True
TheKevJames/coveralls-python,True,False
theotherp/nzbhydra,True,True
the-paperless-project/paperless,True,True
thingsboard/thingsboard-gateway,True,True
thinkst/opencanary,False,True
thomasloven/hass-browser_mod,False,True
thp/urlwatch,True,False
threat9/routersploit,True,False
THUDM/cogdl,True,False
thushv89/attention_keras,True,False
tiangolo/fastapi,True,False
tiangolo/full-stack,True,False
tiangolo/full-stack-fastapi-postgresql,True,True
tianzhi0549/FCOS,True,False
TileStache/TileStache,False,True
tmrowco/electricitymap-contrib,True,True
TokenMarketNet/smart-contracts,True,True
TomasTomecek/sen,True,False
tomchop/malcom,True,False
tomerfiliba-org/rpyc,False,True
tomslee/airbnb-data-collection,True,True
TophantTechnology/ARL,True,True
TophantTechnology/osprey,False,True
tornadoweb/tornado,True,True
torque59/Nosql-Exploitation-Framework,True,False
trailofbits/deepstate,True,False
trailofbits/manticore,True,False
translate/pootle,True,True
traveller59/second.pytorch,True,False
trezor/trezor-firmware,True,False
tribe29/checkmk,True,False
TRI-ML/packnet-sfm,True,False
Trusted-AI/adversarial-robustness-toolbox,True,False
Trusted-AI/AIF360,True,False
trustedsec/ptf,True,False
tsileo/microblog.pub,True,True
Tuhinshubhra/CMSeeK,True,False
Tuhinshubhra/ExtAnalysis,True,False
tulir/mautrix-telegram,True,False
turicas/covid19-br,True,False
turicas/rows,True,True
TuSimple/simpledet,True,False
twilio/twilio-python,True,False
twintproject/twint,True,False
uber/fiber,True,False
uber/petastorm,True,False
uber-research/deep-neuroevolution,True,True
uber-research/go-explore,True,False
ubuntu/ubuntu-make,True,False
ufora/ufora,True,False
UKPLab/elmo-bilstm-cnn-crf,True,False
UKPLab/emnlp2017-bilstm-cnn-crf,True,False
Ulauncher/Ulauncher,True,False
ultralytics/yolov3,True,False
ultralytics/yolov5,True,False
unit8co/darts,True,False
unitedstates/congress,True,False
unknown-horizons/unknown-horizons,True,False
Urinx/WeixinBot,True,False
USArmyResearchLab/Dshell,True,False
UsergeTeam/Userge,True,True
ustwo/mastermind,True,False
utterworks/fast-bert,True,False
v3n0m-Scanner/V3n0M-Scanner,True,False
v55448330/lazy-balancer,True,False
vi3k6i5/flashtext,False,True
videoflow/videoflow,True,False
vitchyr/rlkit,True,False
vmware/photon,True,False
voc/voctomix,True,True
VOLTTRON/volttron,True,True
voxpupuli/puppetboard,True,False
vstconsulting/polemarch,True,True
vwxyzjn/cleanrl,True,False
vyperlang/vyper,True,False
wagtail/wagtail,True,False
weaveworks/kubediff,True,False
web2py/web2py,True,True
WeblateOrg/weblate,True,True
webrecorder/pywb,True,False
welliamcao/OpsManage,True,True
wemake-services/wemake-django-template,True,True
weskerfoot/DeleteFB,True,False
wger-project/wger,True,True
Wh0ale/SRC-script,True,True
WhaleShark-Team/cobra,True,False
whipper-team/whipper,True,False
wikimedia/pywikibot,True,False
witten/borgmatic,True,True
wkentaro/labelme,True,False
worldveil/dejavu,True,True
WXinlong/SOLO,True,False
wzpan/wukong-robot,True,False
X-DataInitiative/tick,True,False
xhtml2pdf/xhtml2pdf,True,False
xillwillx/skiptracer,True,True
xingyizhou/CenterNet2,True,True
xmendez/wfuzz,True,True
Xonshiz/comic-dl,True,False
xsren/wx_taobao_fanli,True,False
y1ndan/genshin-impact-helper,True,True
yampelo/beagle,True,False
yandex/gixy,True,False
yandex/pgmigrate,True,False
yandex/yandex-tank,True,False
yasinkuyu/binance-trader,True,False
YBIGTA/pytorch-hair-segmentation,True,False
ycm-core/YouCompleteMe,True,False
Yelp/docker-custodian,True,False
Yelp/elastalert,False,True
Yelp/mysql_streamer,True,True
Yelp/paasta,True,True
Yelp/Tron,True,True
yeti-platform/yeti,True,True
yihui-he/KL-Loss,True,False
Yinzo/SmartQQBot,True,False
yogeshojha/rengine,True,True
youngwanLEE/CenterMask,True,False
ysrc/GourdScanV2,True,False
YunoHost/yunohost,True,True
zalando/patroni,True,True
zalando/spilo,True,True
zenodo/zenodo,True,True
zentralopensource/zentral,True,True
zeromq/pyzmq,True,False
zerosum0x0/koadic,True,False
zewelor/bt-mqtt-gateway,True,True
zhaoweicai/Detectron-Cascade-RCNN,True,False
Zhongdao/Towards-Realtime-MOT,True,False
zhoubear/open-paperless,True,True
zh-plus/video-to-pose3D,True,False
zhreshold/mxnet-ssd,True,False
zjhuang22/maskscoring_rcnn,True,False
ZJULearning/ttfnet,True,False
zsdlove/Hades,True,False
ztgrace/changeme,True,False
zulip/zulip,True,False
